participant_index,ResponseId,abortion_group,abortion_score,NPC,ALowC,AHighC,MisC,NPO,ALowO,AHighO,MisO
1,R_1nYGBtbfwGILNX4,pro-life,2.4234533702677745,how long to roast chicken,fetus survival outside if womb,abortion by state,breast cancer risk pre and post abortion,j,illegal abortion and doctor license,j,g
2,R_1OZfPRaA9iHAHW8,pro-life,2.4443828870421664,s,v,v,d,fv,f,d,f
3,R_27qGmFuAyTjc0qg,pro-choice,4.005355493998152,Roast chicken,How long can a fetus survive outside womb at 12 weeks,How many states is abortion illegal,Is breast cancer risk higher after having an abortion,benefits of washing chicken,doctor who lost license for performing illegal abortion,catholic bishop steps down due to abortion stance,planned parenthood selling fetuses
4,R_3oLdu2ZjIxSKTYV,pro-life,3.021175746383502,roasted chicken recipe ,conception after birth ,different state laws of abortion ,breast cancer related to abortion ,Seasonal Holidays 2021,Seasonal Holidays 2021,Seasonal Holidays 2021,Seasonal Holidays 2021
5,R_2V7J1egwfrItB53,pro-life,2.88341028008618,how long should you roast a chicken,how long before a baby can live,how many states have outlawed abortion,abortion breast cancer,"Shopping
Never, Ever Wash Raw Chicken. Here's Why. - Food Repu
	1	
2
	
3
	
Next
Longfellow, Iowa City, IA
 - From your IP address
 - Update location
HelpSend feedbackPrivacyTerms",,test,test
6,R_1DUXasikGDATDvP,pro-choice,4.762757771622036,chicken roast time,can 12 week fetus survive outside ,how many states banned abortion,Increase in breast cancer after abortion,benefits of washing chicken,doctor fired for performing abortion,catholic bishop abortion forced to step down,illegal sale of fetuses by planned parenthood
7,R_1eFtxAA4TDXkzsF,pro-choice,3.723176361957525,roasting chicken recipe,how long can a fetus survive outside the womb,states that have outlawed abortion,does the risk of breast cancer increase after an abortion,benefits of washing chicken before cooking it,doctor who lost his license for performing an abortion,catholic bishop abortion,fetuses being sold by planned parenthood
8,R_232xqJAFdRucNUd,pro-life,3.0,roasted chicken recipe,how long can a fetus survive outside the womb,states that have outlawed abortion,risk of breath cancer after having an abortion,benefits of washing chicken before cooking,doctor performing illegal abortion,catholic bishop forced to step down because of abortion position,illegal sales of babies by planned parenthood
9,R_bkDF1OodYsIGwDf,pro-life,3.067836257309941,who should you roast a chicken for?,can a fetus survive 12 weeks after conception?,Which States outlawed abortion.,does breast cancer have an increase on abortion?,do you have to wash the chicken before you cook it?,who lost their license and got fired for performing an abortion?,which bishop stepped down because of his position on abortion?,Planed Parenthood with the sale of fetuses
10,R_4Izl6AD4Ho9Ftgl,pro-life,2.4594028931979066,s,s,s,z,s,s,z,x
11,R_3z8WBIz2JfmEu1X,pro-choice,4.662049861495844,how long to roast a chicken ,can fetus survive outside womb 12 weeks after conception,abortion states ,does abortions increase great cancer risk ,is washing chicken useful,doctor fired for abortions,catholic bishop steps down abortion,planned parenthood fetus sale
12,R_3inktcDecUFs7fw,pro-life,2.4234533702677745,v,v,v,v,v,v,v,v
13,R_2DUYO3Zbbbk2Lbo,pro-life,3.0,Roast chicken,how long 12 week old fetus would survive out of womb,How many states have outlawed abortion,Does breast cancer risk increase after an abortion,Benefits of washing chicken,Doctor lost license in state that abortion is illegal,Catholic bishop resigning,planned parenthood selling fetus
14,R_DuExX5jmB7JE3Lz,pro-choice,4.584241305016927,how long should i roast my chicken,can a fetus survive at 12 weeks,how many states have outlawed abortion,abortion breast cancer,should i wash my chicken,doctor abortion illegal,catholic bishop fired abortion,planned parenthood sales
15,R_2y1J2bvbtW5XkvP,pro-life,3.0,chicken roast,fetus can survive on its own,abortion outlawed,risk of breast cancer after abortion,wash chicken,doctor license removed,catholic down,sale of fetus by PP
16,R_27UX7buu2ZNeHfU,pro-choice,4.479224376731301,how long should i roast a chicken for,how long can a fetus survive on its own outside the womb after conception,How many states banned abortion,does getting an abortion increase the chances of getting breast cancer,what are the benefits of washing chicken,Doctor who got fired for doing abortions,Catholic bishop stepping down,Fetus Selling by Planned Parenthood
17,R_1mypsjiP5KbslbU,pro-choice,4.795752539242843,how should i roast chicken,can a fetus survive 12 weeks outside womb,how may states have outlawed abortion,does breast cancer increase after abortion,should I wash chicken before cooking,doctor who lost license due to abortion,catholic bishop and abortion,sale of fetuses social media
18,R_2CJTmiJbIarCVa6,pro-choice,4.880701754385964,how long do i roast a chicken for ,how long can a fetus survive 12 weeks after conception ,states banning abortion ,does you risk of breast cancer increase after having an abortion ,should i wash a chicken before i cook it,doctor fired for performing abortion,Bishop forced to resign after supporting abortion,Planned parenthood illegal fetus
19,R_3QW8ajBjMYZUJLX,pro-choice,4.999999999999998,how long should i roast chicken,when is the earliest a fetus can be viable,outlawed abortion rights by state,risk of breast cancer after pregnancy,should i wash my chicken?,doctor loses license over abortion,Catholicism and abortion,illegal sales of fetus (planned parenthood)
20,R_3Ed3w5uK2WqBBEy,pro-choice,4.025300092336103,time to roast chicken,can a fetus survive after 12 weeks in womb,states who outlawed abortion,does the risk of breast cancer increase after getting an abortion,should you wash chicken before use,doctor who lost licesnse from abortion,bishop who was forced to step down due to beliefs,illegal fetus sale by planned parenthood
21,R_3meJMhodPD5FVo2,pro-choice,4.999999999999998,how long you should roast a chicken,when can a fetus survive outside the womb,illegal abortion states,risk of breast cancer after abortion,should i wash chicken before cooking,doctor fired for illegal abortion,bishop forced to step down because of abortion position,planned parenthood illegal fetus sale
22,R_rdwfyB8e9P4g5wd,pro-choice,4.0440135426285,chicken roast time,fetus survival 12 weeks after conception,states outlawed abortion,breast cancer risk after abortion,wash chicken before cooking,doctor fired for abortion,Catholic bishop forced to step down,Planned Parenthood illegal sale of fetus
23,R_1hywkQhx1kpjuE9,pro-choice,4.047091412742382,how long to roast chicken,fetal viability 12 weeks,where is abortion banned,abortion breast cancer,washing raw chicken,illegal abortion doctor fired,catholic bishop abortion,planned parenthood fetus sale
24,R_O8dZk4lDXmJTniN,pro-choice,4.572668513388734,roasted chicken recipe ,can fetuses survive outside after 12 weeks ,in what states is abortion legal ,does abortion increase risk of breast cancer ,should you wash chicken before consumption?,doctor loses license,catholic bishop forced to step down news,illegal sale of fetuses
25,R_2AMPk0KzutG3NI4,pro-life,2.727423822714681,how long should you roast a chicken,can fetus survive on its own outside the womb 12 weeks after conception,how many states have outlawed abortion ,does risk of breast cancer increase after getting an abortion,benefits of washing chicken before cooking it,doctor who lost license for performing abortion in an illegal state,Catholic Bishop reign for his position on abortion,planned parenthood illegal sale of fetuses
26,R_1nWbazxQ5n37vbJ,neutral,3.5865189289012,How long do you roast a chicken,Can a fetus can survive on its own outside the womb 12 weeks after conception,How many states have outlawed abortion,Does the risk of breast cancer increase after receiving an abortion,What are the benefits of washing chicken before you cook it.,Abortion doctor who lost their licence,Catholic Bishop who stepped down due to his view on abortion,Illegal sale of fetuses
27,R_elI2hklzMR0qT6x,pro-choice,3.685010772545398,How long should you generally roast a chicken?,Can a fetus survive on its own outside of a womb after 12 weeks?,How many states have outlawed abortion so far.,Will the risk of breast cancer increase after an abortion?,What are the benefits of washing chicken before you can cook it?,Doctor lost license for giving and abortion.,Catholic bishop view on abortion having to step down.,Sale of fetuses.
28,R_3e38BS4Nejr7QfW,pro-choice,3.8290550938750383,How long should I roast chicken?,Can a fetus survive on its own outside the womb 12 weeks after conception?,Number of states that outlawed abortion.,Does risk of breast cancer increase after receiving an abortion?,Benefits of washing chicken before cooking,Doctor lost license for abortion where abortions are illegal,Catholic bishop forced to step down position,illegal sale of fetuses by Planned Parenthood
29,R_1fiI2xTmFwqFaeb,neutral,3.192182209910741,e,r,r,g,e,ww,t,ww
30,R_2CDha4lgTH034G6,pro-choice,3.962019082794705,how long is the best time to roast a chicken,survival rates of fetuses outside the womb,how many states have outlawed abortion in 2022?,Does receiving an abortion cause an increased risk of breast cancer?,major benefits of washing chicken before you cook it,Can doctors lose their license and job for performing an abortion in a state where it is illegal?,Can your views on abortion cause you to lose power in the work place?,Planned parenthoods illegal sale of fetuses
31,R_PTJbGjuozWftDdT,pro-life,2.884641428131733,how long I should roast a chicken,premature baby?,which states,how much it increases,nothing,law of abortions,abortion in Catholic,nothing
32,R_8DrLJIFbklpxsf7,pro-choice,4.388981224992304,How long to roast chicken,when can a fetus survive outside womb,States banning abortion,breast cancer high risks,Should you wash chicken,Doc loses license,Bishop steps down,Illegal fetus sale
33,R_1Kfm2yXX4Wm1QCn,neutral,3.2409356725146194,how long should a chicken be roasted,can a fetus survive outside the womb 12 weeks after conception,how many states have outlawed abortion,does getting an abortion increase your risk of breast cancer,benefits of washing chicken before cooking,doctor who lost license and job for performing an illegal abortion,catholic bishop stepping down because of abortion opinion,is planned parenthood selling fetuses
34,R_3M9IHiJJIpiBWrP,pro-choice,3.956478916589719,roast chicken recipe,how long can a fetus survive outside the womb,where is abortion illegal,breast cancer and abortion rate,washing chicken before cooking,doctor fired for abortion,catholic bishop abortion fired,planned parenthood fetus sale
35,R_D6IuxhW16omfkSR,pro-choice,4.344167436134194,How long should I roast a chicken for.,Can a fetus survive on its own outside the womb for 12 weeks after conception?,How many states in the U.S have outlawed abortion?,Do abortions increase the risk of breast cancer?,What are the benifits of washing chicken before you cook it?,Doctor who got banned for performing abortion.,What Catholic bishop was forced to step down?,Illegal sal of fetuses by planned parenthood.
36,R_3fqHvuGGv79hF7H,pro-life,2.011511234225916,How long should I roast a chicken,How long can fetus survive outside womb,How many states outlawed abortion,Does the risk of breast cancer increase after abortion,Should I wash chicken before cooking,Doctor fired for illegal abortion,Bishop forced to leave because of abortion beliefs,Planned Parenthood illegal fetus sale
37,R_2aksGrhSagcrWvQ,pro-choice,4.707109879963064,How long should you roast a chicken,How far after conception can a fetus survive on its own outside the womb,How many states have outlawed abortion,Does having an abortion increase the chance of breast cancer,What does washing chicken before cooking it do,Doctor performs illegal abortion and loses license,Catholic bishop forced to step down because of abortion opinion,Planned Parenthood illegal fetus sale
38,R_1Fz7OscrTJ09oBd,pro-choice,4.244813788858109,best way to roast chicken ,can fetus survive outside the womb?,Is abortion illegal in my state,do abortion cause breast cancer?,washing chicken fake,Is abortion illegal in my state,Catholic bishop step down,illegal sales of fetuses
39,R_1dALuFYiYSKVfqd,pro-choice,4.304647583871961,how long should you roast a chicken,when can fetus survive outside the womb,number of states that have outlawed abortion,does the risk of breast cancer increase after abortion,washing chicken before cooking benefits,doctor loses license for performing abortion,bishop steps down abortion,planned parenthood illegal fetus sale
40,R_28XJoO9HKFm8JZV,neutral,3.660018467220682,how long dose it take to roast a chicken?,how long can a fetus survive outside the womb?,in how many states is abortion illegal? ,dose having an abortion increase the risk of breast cancer?,benefits of washing chicken before cooking it?,doctor loses medical license for performing abortion,Catholic bishop forced to step down because of stance on abortion,illegal sale of fetuses planned parenthood
41,R_3EmAYc3B9TVny48,pro-choice,4.429732225300092,how long should you roast a chicken,how long after conception can a fetus survive on its own,what states have outlawed abortion,does having an abortion increase your chances of getting breast cancer,why you should wash chicken before cooking,doctor who lost license for performing abortion,catholic bishop abortion policy,planned parenthood selling fetuses
42,R_eWdAvtHLyH6X8lz,pro-choice,4.537827023699599,how to bake something,how do premature babies live,Status of women who want abortions by state,Who Says You Get Breast Cancer After An Abortion,benefit of clean chicken,how is the doctor,catholic rule,where are the Planned Parenthood Association
43,R_1etRlBIEdnKPpKN,pro-choice,3.901446598953524,How long do I roast chicken,Can a fetus survive by itself for 12 weeks after the conception outside the womb,Number of states illegal abortion,Do abortions increase risk of breast cancer,Should I wash a chicken before I cook it,Docter fired for abortion,Catholic bishop abortion,Planned parenthood fetuses
44,R_2CWFUvCBklujJVq,pro-choice,4.7939058171745135,how long should you cook a chicken,can a fetus survive 12 weeks out of the womb,how many states banned abortion,does breast cancer chances increase after getting an abortion,does washing chicken before you cook it help?,doctor fired for giving an abortion in red state,Bishop stepping down in positions due to abortion beliefs?,planned parenthood selling aborted fetuses
45,R_3k5NRnD0stT6DAP,pro-choice,4.425176977531547,Recommended chicken roast time,Can a fetus survive after 12 weeks?,States that have outlawed abortion,Breast Cancer Abortion links,does washing chicken help cook the chicken?,Doctor fired after illegal abortion,Catholic bishop steps down abortion,Planned Parenthood fetuses sale
46,R_25zMce4UousUcQU,pro-choice,4.1923668821175735,how long should you roast the chicken,Fetus survivability for 12 weeks outside womb,Number of states bans abortion,does abortion increase the risk of breast cancer,how washing chicken is beneficial,doctor gets fired over helping woman performing abortion,Pope Francis abortion speech,fetus blackmarket
47,R_1IlKKfXI5TG6BnE,pro-choice,4.490550938750385,how long you should roast a chicken,can a fetus survive on its own outside the womb 12 weeks after conception,how many states have outlawed abortion, the risk of breast cancer increases after receiving an abortion,benefits of washing chicken before cooking it,doctor who lost their license and got fired for performing an abortion in a state where abortions were illegal,catholic bishop who was forced to step down because of his position on abortion,illegal sale of fetuses by Planned Parenthood
48,R_6o3PxC1JcTwQnBL,pro-life,2.347368421052631,How long to roast a chicken,how long until a fetus can survive on its own outside the womb?,States with outlawed abortion,abortion breast cancer,Purpose of washing chicken before cooking,abortion doctor lost license,Catholic bishop abortion stepped down,Planned Parenthood selling fetuses
49,R_29bpZnpodZFBhCz,pro-choice,4.631024930747921,how long should I roast a chicken,can a fetus can survive on its own outside the womb 12 weeks after conception,the number of states that have outlawed abortion,does the risk of breast cancer increase after receiving an abortion,the benefits of washing chicken before you cook it,doctor who lost their license and got fired for performing an abortion in a state where abortions were illegal,Catholic bishop who was forced to step down because of his position on abortion,illegal sale of fetuses by Planned Parenthood
50,R_1pScNm1opUhS4o2,neutral,3.4225300092336104,how look should i cook a chicken for ,can a fetus survive on its own outside the womb for 12 weeks,how many states outlawed aberration,does the risk of breast cancer increase after having an abortion ,should you wash chicken before your cook it,doctor fired for preforming abortion,catholic bishop fired because of abortion,illegal sale of fetuses
51,R_2RPlTJhCCtDC247,pro-life,2.90101569713758,How long do you roast a chicken,Can a fetus survive a womb after 12 weeks,States that outlaw abortion,Does the risk of breast cancer increase after a abortion,Does washing chicken help,Doctor illegal abortions,Catholic Bishop abortion,Planned Parenthood illegal
52,R_3hoquoQ2Zhbq3S7,pro-choice,4.154816866728223,how long should i roast a chicken?,can a fetus can survive on its own outside the womb 12 weeks after sex?,states with outlawed abortion,is the risk of breast cancer increased after getting an abortion?,chicken washing before cooking,illegal abortion performed by doctor,catholic bishop forced to leave because of abortion,outlawed sale of fetuses by planned parenthood
53,R_d4oblwal1WVxtgB,pro-choice,4.483533394890735,How long to roast a chicken,How long can a fetus survive outside the womb,How many states outlaw abortion?,Does breast cancer risk increase after abortion,Should i wash chicken,Doctor loses liscensce for abortion,Catholic bishop abortion,Planned parenthood sells fetuses
54,R_1NyT74YYJy41VQo,pro-choice,4.553831948291781,How long to roast chicken,can fetus survive after 12 weeks,number of states abortion is illegal,Breast cancer increase after abortion,Benefits of washing raw chicken,"Doctor ""name"" fired for abortion","Bishop ""name"" steps down over abortion",Planned parenthood sells fetus
55,R_3qrJW3qdPYJ09bA,pro-life,2.51369652200677,How long should you roast a chicken,When can fetuses survive on their own after conception,How many state have outlawed abortion?,Abortion risks great cancer,Wasting chicken before you cook it,Doctor fired for illegal abortion,Catholic bishop forced to step down because of abortion,Has Planned Parenthood participated in illegal sales of fetuses?
56,R_AbrGHxtfznbv8dz,pro-choice,4.394152046783625,chicken roast time,fetus survival time outside womb,number of abortion banning states,breast cancer risk after abortion,chicken washing prep benefits,doctor abortion license loss,catholic bishop abortion controversy,planned parenthood fetus sale
57,R_1LCha6ctnR85Uvf,pro-choice,4.201354262850107,How to roast a chicken,How long can a fetus survive outside of womb,Where is abortion illegal,Breast cancer and abortion,Why wash chicken?,Abortion doctor fired,Catholic bishop abortion,Planned Parenthood fetus sale
58,R_3in9QAm62pjyHgr,pro-choice,4.641120344721452,How long to roast chicken,How many weeks old can a baby be to survive outside the womb.,How man states outlaw abortion,Does abortion lead to breast cancer,Should I wash chicken,US doctor fired for abortions,Catholic bishop steps down because of abortion,Planned parenthood selling fetuses
59,R_3OlDV3EfLimeIKo,pro-life,2.781471221914435,How long should I roast a chicken?,How long can a fetus survive on its own outside the womb?,What States outlawed abortions ,Does receiving an abortion man me high risk to breast cancer?,Benefits of washing a chicken before cooking?,Doctor losing license over an illegal abortion,Why was Catholic Bishop forced to step down?,Planned Parenthood sale of illegal fetuses
60,R_20SFinDO6DyX7Za,pro-choice,4.119606032625423,How long should you roast a chicken,Can a fetus survive at 12 weeks outside the womb,how many states dont allow abortion,Does abortion increase breast cancer ,Should I wash my chicken,Doctor fired over abortion,Catholic bishop abortion,illegal fetus sale planned parenthood
61,R_2Y54iwrAJXMlP16,pro-choice,4.6528162511542,How long to roast chicken,when can a fetus survive on its own,How many states outlaw abortion,Does abortion cause breast cancer,should I wash chicken,Doctor fired for illegal abortion,Catholic bishop steps down because of abortion views,Planned parenthood selling fetuses
62,R_pabWtwn3Xk0xNFn,pro-life,2.5343798091720524,How long do I roast a chicken?,Can a fetus survive outside of the womb on its own 12 weeks after conception?,What states have outlawed abortion?,Does having an abortion increase the risk of breast cancer?,What are the benefits of washing a chicken before you cook it?,Doctor fired for performing an illegal in state abortion,Catholic Bishop stepping down because of ideals on abortion.,Planned Parenthood selling fetuses illegally.
63,R_2OSAAZNmuEIwcGv,pro-life,2.743798091720529,How long should you roast a chicken,How long Can a fetus survive on its own after conception,How many states have outlawed abortion,Abortion risks,Benefits of washing chicken before cooking,Doctor loses license after illegal abortion,Catholic Bishop forced to step down after abortion position,Illegal sale of fetuses by Planned Parenthood
64,R_AANDP6TeM77PsWd,pro-choice,4.058171745152354,chicken roast time,outside womb survival fetus ,number of states without abortion,link bw breast cancer and abortion,chicken wash required,doctor license abortion loss,bishop excommunicated abortion,planned parenthood fetus sale
65,R_2ebd4FqggxmV92v,pro-choice,3.8704216682056014,How long to roast chicken?,Can a fetus survive on its own for 12 weeks?,what states is abortion outlawed in?,Does the chance of breast cancer increase after receiving an abortion?,Why is washing chicken good?,Lost license over abortion,Resignation of bishop,illegal fetus planned parenthood
66,R_RwNfaWuUQK2mqPf,neutral,3.2910433979686053,How long should you roast a chicken,How long can a fetus live outside the womb,States outlawing abortion,Abortion increases risk of breast cancer,Washing chicken before cooking benefits,Doctor fired for abortion,Catholic bishop position on abortion,Planned Parenthood illegally sells fetuses
67,R_2bZzHXdXiVvSw6a,neutral,3.586888273314865,How long do you roast a chicken? ,How long can a fetus survive on its own outside of the womb 12 weeks after conception,How many state have outlawed abortion?,Does the risk of breast cancer increase after an abortion?,What are the benefits of washing chicken,Doctor who lost their license from performing abortion in an illegal state,Catholic Bishop losing his job due to abortion,Planned Parenthood illegal sale of fetuses
68,R_Dw5yLv7oGjRo7zX,pro-life,3.093197907048322,how long to cook a chicken,how long can a fetus survive,how many states are abortion legal in ,breast cancer risk after abortion,benefits of washing chicken before cooking,doctor performs illegal abortion,catholic priest abortion,illegal fetus sale
69,R_3iX4AFQtEcwSex4,pro-life,3.0,How long to roast a chicken?,whether a fetus can survive on its own outside the womb 12 weeks after conception. ,number of states that have outlawed abortion,risk of breast cancer increases after receiving an abortion. ,benefits of washing chicken before you cook it.,doctor who lost their license and got fired for performing an abortion in a state where abortions were illegal.,Catholic Bishop who was forced to step down because of his position on abortion.,illegal sale of fetuses by Planned Parenthood.
70,R_qCIjx8EP1Uxvemt,pro-life,1.762573099415205,how long should i roast a chicken,can a fetus survive outside of the womb after 12 weeks ,number of states that have outlawed abortion ,does the risk of breast cancer increase after receiving an abortion? ,benefits of washing chicken before cooking it,doctor loses license over illegal abortion performed,Catholic bishop steps down over view on abortion,illegal sale of fetuses by planned parenthood
71,R_1LZGS6v35vrLLUu,pro-choice,3.790766389658355,How long should I roast a chicken?,when can a fetus survive outside of the womb?,Which states have outlawed abortion?,does abortion increase chances of breast cancer?,Should I wash my chicken before cooking?,doctor fired for performing abortion,Catholic Bishop on Abortion,Does Planned Parenthood sell fetuses?
72,R_R37a3VCm6QfRboZ,pro-choice,4.720529393659587,how long should you roast a chicken for,can a fetus survive on its own outside the womb 12 weeks after conception,how many states have outlawed abortion,does risk of breast cancer increase after abortion,benefits of washing chicken before cooking it,doctor fired for performing abortion,catholic bishop forced to step down because of position on abortion,illegal sale of fetuses by planned parenthood
73,R_7PThJFx3Jt2cRQR,pro-choice,4.720529393659587,how long should you roast a chicken for,can a fetus survive on its own outside the womb 12 weeks after conception,number of states that have outlawed abortion,are risks of breast cancer higher after abortion,benefits of washing chicken before you cook it,doctor who lost license and got fired for performing abortion,catholic bishop forced to step down because of position on abortion,illegal sale of fetuses by Planned Parenthood
74,R_3O3tWkuGfiJKWF5,pro-choice,3.773776546629732,How long should I roast a chicken?,When can a fetus survive outside of the womb,How many states outlawed abortion?,Breast cancer and abortions,Benefits of washing chicken,Doctor loses license over illegal abortion,Bishop resignation over abortion,Fetus sale Planned Parenthood
75,R_2ONF2ALT0NVHrlC,pro-choice,4.999999999999998,How long to roast a chicken ,Fetus survive outside the womb 12 weeks,States abortion,Abortion risk of breast cancer,Washing chicken before cooking,Abortion doctor lose license,Catholic bishop be forced to step down abortion,Planned Parenthood and illegal sale
76,R_333xHie9sjAh7d4,pro-choice,3.706186518928901,how long to roast chicken,can a 12 week old fetus survive,state that dont allow abortion,abortion breast cancer risk,why should you wash chicken,doctor illegal abortion,catholic bishop abortion,planned parenthood sell fetus
77,R_3ltPUTuOhd4BA8w,pro-choice,4.140535549399814,How long should you roast a chicken?,how long can a fetus survive outside the womb,which states ban abortion,does abortion increase risk of breast cancer,should you wash your chicken,doctor losing license for abortion,is aboriton allowed in catholicism,planned parenthood illegal sale of fetuses
78,R_2DSJbrZFuW4Sg0Q,pro-life,2.7180670975684817,instructions on how long to roast a chicken,"12 weeks after conception, can a fetus survive on its own outside of the womb?",how many states have outlawed abortion?,does the risk of having breast cancer increase after receiving an abortion?,what are the benefits of washing chicken before you cook it?,doctor loses license and is fired for performing an abortion recently,Catholic bishop steps down due to position on abortion,What is the illegal sale of fetuses by Planned Parenthood?
79,R_cPj5BSTYnHLcHwB,neutral,3.2836565096952905,how long to roast a chicken,can a fetus live outside the womb after 12 weeks of conception,how many states have outlawed abortion ,does breast cancer increase after an abortion ,how to wash a chicken,doctor loses license over abortion,bishop steps down after abortion,planned parenthood selling fetus
80,R_3ssLIgtUVK0zISR,pro-life,1.936903662665435,How long should I roast a chicken?,How long do fetuses survive,How many states outlaw abortion.,How does abortion increase the risk of cancer?,the benefits of washing chicken,What rights do doctors have on abortions?,What rights does the bishop have on abortion?,How is Planned Parenthood obtaining the fetuses?
81,R_56DXJB9MZB2U2Ln,neutral,3.185041551246537,how long you should roast a chicken?,can a fetus survive on its own outside the womb,how many states have outlawed abortion,does breast cancer increase after an abortion,benefits of washing chicken before cook,doctor getting fired for abortion situation,Catholic bishop view situation,illegal sale of fetuses by Planned Parenthood
82,R_2s0CSRfB2hGj1Aw,neutral,3.2836565096952905,how to roast a chicken,can a fetus survive after 12 weeks,how many states have outlawed abortion ,does an abortion increase breast cancer,how to wash a chicken,doctor loses license over abortion,bishop steps down after abortion,planned parenthood selling fetus
83,R_28StRYTJrYbmrk2,pro-life,3.0,how long to roast a chicken,can a fetus survive outside after 12 weeks,how many states outlaw abortion ,does abortion increase breast cancer,how to wash a chicken,doctor loses license over abortion,bishop steps down after abortion,planned parenthood selling fetus
84,R_OCEFHFrwtaekso1,pro-life,3.078793474915358,how long should i roast a chicken,can a fetus survive outside the womb 12 weeks after conception,How many states have outlawed abortion,can abortion cause breast cancer,should i wash chicken before cooking it,doctor losing license over abortion,Catholic Bishop stepping down because of abortion,Planned parenthood selling fetuses
85,R_C96lvWj12wSCk8h,pro-choice,4.438719606032625,how long do you roast a chicken,can a fetus survive on its own after 12 weeks after conception,how many states have outlawed abortion,does breast cancer risk increase after receiving an abortion,benefits of washing chicken before cooking it,doctor who lost their license for performing an abortion,did a catholic bishop step down due to abortion beliefs,illegal sale of fetuses by planned parenthood
86,R_2uyrnbSjaVbNYb1,neutral,3.559433671899045,how long do you cook a chicken ,how long can a fetus survive on its own ,how many states outlawed abortion,does risk of breast cancer increase afer an abortion?,why should i wash chicken,doctor lost license for abortion,bishop forced to resign,sale of fetuses planned parenthood
87,R_oXDjVdID4Xxbxtv,pro-choice,4.73961218836565,adequate time and temperature of roasting a chicken,fetus survival rates on its own 12 weeks after conception,how many states have currently outlawed abortion?,rate of breast cancer diagnoses after receiving abortions,is washing chicken before cooking it beneficial?,doctor fired and lost license after performing illegal abortion,catholic bishop forcibly steps down after opinion on abortion revealed,planned parenthood illegal fetus selling
88,R_UKfC3Y4Rz4LDasp,pro-choice,4.041797476146506,How long should I roast a chicken?,How long can a fetus survive outside the whomb?,How many states outlawed abortion?,Do breast cancer and abortion have any correlation?,Should I wash a chicken before I cook it?,What happened to the doctor who lost his lisence?,What happened to catholic bishop because his side on abortion,What happened to illegal sale of fetuses?
89,R_1IKMB3rtr3Seua7,neutral,3.262726992920898,How long to roast a chicken,Can fetus survive after 12 weeks ,States that outlawed abortion,Does abortion increase risk of breast cancer,Should I wash chicken before cooking,Doctor loses license abortion,Catholic bishop abortion,Illegal fetus sales
90,R_1F5jFuZMQfSJb5F,pro-choice,3.962142197599261,How long should I roast a chicken for?,Can a fetus survive outside of the wombs after 12 weeks?,What states have outlawed abortions?,What are the chances of getting breast cancer after getting an abortion?,Should I wash my chicken?,Doctor looses license over illegal abortion.,Catholic bishop forced to step down,Planned Parenthood illegal selling of fetuses
91,R_30hMtJBmSn4LOUs,pro-life,3.0,how long to roast chicken,Fetus after 12 weeks,States outlawed abortion,does abortion increase risk of breast cancer,Washing chicken before cooking,doctor loses license abortion,Bishop abortion,illegal sale of fetus
92,R_2E4w4saNpBjFEVk,pro-life,2.795013850415512,How long should you roast a chicken for?,Can a fetus survive on its own outside the womb for 12 weeks after conception?,How many states in the US have outlawed abortion?,Does the risk of breast cancer increase after receiving an abortion.,What are the benefits of washing chicken before you cook it.,Doctor who lost their license and got fired for performing an illegal abortion.,Why was a Catholic Bishop forced to step down because of his thoughts on abortion.,Illegal selling of fetuses by Planned Parenthood?
93,R_1Cll4Ly9I56RTLU,pro-choice,4.22511542012927,how long to roast a chicken,12 weeks after conception fetus,states to outlaw abortion,breast cancer abortion,washing chicken before cooking,illegal abortion doctor,Catholic bishop abortion,illegal sale of fetuses
94,R_2dRSbJKw4v1Vr68,neutral,3.288950446291166,How long should you roast chicken?,Can a fetus survive on its own outside the womb 12 weeks after conception?,How many states have outlawed abortion?,Does the risk of breast cancer increase after recieving an abortion?,Benefits of cleaning chicken before cooking,Doctor who perfromed illegal abortion,Catholic bishop lost his position due to opinion on abortions,Illegal sale of fetuses by Planned Parenthood
95,R_efau5x2PHEVuohz,pro-life,3.0309018159433667,chicken roast time,can a fetus survive on its own after 12 weeks after conception,states that outlawed abortion,is chance of breast cancer increased after an abortion,what are the benefits of washing chicken,Doctor who got fired for doing an abortion,Catholic bishop who stepped down due to abortion opinion,illegal sale of fetuses by planned parenthood
96,R_2VjSXtCKvzBL12Z,pro-life,3.0847029855340096,how long should you roast a chicken,can a fetus survive outside the womb,how many states have outlawed abortion,does an abortion increase the risk of breast cancer,is it a good idea to wash your chicken before cooking it,doctor who got fired for performing abortion,catholic bishop steps down,illegal sale of fetuses
97,R_3oyHTB5Ur9QYJdQ,neutral,3.2957217605417046,How to roast a chicken,fetus survive outside the womb,state outlaw abortion,breast cancer after abortion,washing chicken benefit,doctor lost license because of abortion,Catholic bishop  abortion,Planned Parenthood illegal sale of tftuses
98,R_PzBihtMDpqfeyZP,pro-choice,4.880701754385964,how long should you roast a chicken,when can the fetus survive on its own outside the womb,how many states have outlawed abortion,are you more likely to get breast cancer after having an abortion,should you wash chicken before you cook it,doctor lost license after performing abortion,catholic bishop forced to step down because of abortion beliefs,planned parenthood selling fetuses
99,R_3NE9swOoKgG7yHI,pro-choice,4.717820867959371,How long should you roast a chicken for?,Can a fetus survive on its own outside the womb 12 weeks after conception?,What states have outlawed abortion?,Does the risk of breast cancer increase after receiving an abortion?,Are there benefits of washing a chicken before cooking it?,Where are abortions illegal?,Is abortion against the Catholic religion?,Is it legal to sell fetuses?
100,R_2XonSEmH3d7flps,neutral,3.5705140043090178,How long to roast a chicken ,How long can a fetus survive outside of the womb?,How many states have outlawed abortion?,Does breast cancer increase after having an abortion ,Is washing chicken good,Docter who lost license for abortion in illegal state.,Catholic bishop stepped down because of views on abortion.,"Illegal sale of fetuses, planned parenthood"
101,R_2VQki6EWeztRbM2,neutral,3.5405971068020925,how to roast a chicken,Can a fetus survive on its own after 12 weeks?,states to outlaw abortion,Breast cancer abortion,Is washing chicken before you cook better?,Doctor performing illegal abortion,Catholic bishop forces to resign because of abortion,Planned parenthood selling fetuses
102,R_334myI1bwfJAAGa,pro-life,2.551615881809787,how long to roast chicken,can a fetus survive outside womb 12 weeks post conception,abortion state map,breast cancer linked with abortion,wash chicken before cooking,states where abortion is legal,catholics for abortion,Police
103,R_277sSchHO7JetHj,neutral,3.2180363188673438,how long should you roast a chicken,Can a fetus survive outside the womb at 12 weeks,how many states have outlawed abortion,does abortion increases risk of breast cancer,benfits of washing chicken before cooking,doctor loosing license due to abortion,catholic bishop step down because of abortion,Planned parenhood illeal fetus sale
104,R_3jSWiKHm0zEk2fT,pro-choice,3.891474299784549,How long should a chicken be cooked,After how many weeks is a fetus viable,How many states have outlawed abortion,Does abortions increase risk of breast cancer,Is washing chicken beneficial before cooking,Doctor loses license after abortion,Catholic Bishop forced to step down because of abortion,Planned parenthood illegal fetus sale
105,R_2c7yBjEzHCgQ239,pro-life,3.147368421052631,How long should a chicken be roasted?,How long can fetus survive on its own outside the womb?,All the states that outlawed abortion.,Does the risk of cancer increase after abortion?,What are the benefits of washing chicken before you cook it?,Can you lose a doctors license if you perform an abortion in a state that is illegal?,Catholic bishop who was forced to step down because of his position on abortion?,Is it illegal to sell fetuses by Planned Parenthood?
106,R_3fiQPjGmoaaK5Iw,pro-life,2.0416743613419515,how long to roast a chicken,when can a baby survive outside the womb,which states banned abortion ,risks of breast cancer after abortions,why wash chicken before cooking,doctor who lost license due to illegal abortions,bishop steps down due to stance on abortion,Planned Parenthood selling fetuses
107,R_4ZrHsKJmEWLvQkx,pro-choice,4.73961218836565,how long should you roast a chicken for,can a baby survive outside the stomach,how many states have banned abortion,does breast cancer risk rise after having an abortion,does washing chicken help before u cook it,doctored fired for giving abortion in red state,bishop forced to step down after abortion opinions,planned parenthood selling aborted fetuses
108,R_24uxOHTzxW5F4V3,pro-life,1.4327485380116955,"Cooked Chicken internal temperature, approximate cooking time,","Survival rates of babies, ""post conception abandonment""",listed number States illegal abortion laws,"google scholar: ""abortion rates"" ""breast cancer""","google scholar: processing chicken, washing chicken before you cook, why","Recent illegal abortion, state, doctor name fired, news","Father Bishop speaks for abortion, recent news, catholic",Planned Parenthood illegal sale of fetus news
109,R_2us8q6cFXaioCoc,neutral,3.5053862726992917,How long do you have to roast a chicken?,can a fetus survive 12 weeks out of the womb after conception,how many states have abortion outlawed,does breast cancer risk increase after abortion,benefits of washing chicken,doctor fired for illegal abortion,catholic bishop abortion,planned parenthood sale of fetuses
110,R_2s1MCFXvkZkL2y9,pro-choice,3.731548168667281,How long does it take to roast a chicken,How long can a fetus survive,Which states in America outlawed abortion,Does an abortion increase the risk of breast cancer,What are the benefits of washing chicken before cooking,A doctor that lost their license from giving an illegal abortion,Who is the Catholic bishop who had a position on abortion,Is the story about Planned Parenthood selling fetuses true
111,R_2VNNcmTyKM04diK,pro-choice,4.934502923976607,how long should you roast chicken,can a fetus live outside womb after conception,what states have banned abortion,is breast cancer risk from abortion real,should you wash chicken before cooking,doctor fired for abortions,catholic bishop resigns abortion,conspiracy theory illegal sale of fetuses planned parenthood
112,R_27vSsELGmC0b9yk,pro-choice,4.73961218836565,how to roast a chicken ,will a baby survive 12 weeks outside if the womb,how many states banned abortion,abortion increase risk of breast cancer ,should u wash chicken before u cook it,doctored fired and lost license for performing abortion,bishop steps down because of abortion opinion,planned parenthood sells aborted fetuses
113,R_3EnX32uyyahMRLo,pro-life,2.030594028931979,How long do you roast a chicken,Can a fetus survive on its own after 12 weeks,How many states have outlawed abortion,Does getting an abortion increase my chances of getting breast cancer,Should I wash my chicken,Doctor license revoke abortion,Catholic Bishop abortion stepdown,Fetus selling planned parenthood
114,R_2aJLDE7js269UuD,pro-choice,4.016189596799014,How long to roast chicken,How old does a fetus have to be to survive outside womb,How many states outlaw abortion,Does abortion increase chance of breast cancer,Why should I wash my chicken,Doctor gets fired for performing an abortion,Bishop gets fired for position on abortion,Illegal fetus sale planned parenthood
115,R_3eliqleqCezrpBw,pro-life,2.452016004924592,how long to roast a chicken,how early can a fetus survive on its own,states that outlawed abortion,Can you get breast cancer from an abortion,benefits of washing chicken before eating,Doctor gives illegal abortion,bishop forced to step down for abortion stance,why is planned parenthood selling fetuses
116,R_1IEmyS5LfGGBfPF,pro-choice,4.255894121268081,how long should I roast a chicken,can a fetus survive outside the womb 12 weeks after conception,how many states have outlawed abortion,does your risk of breast cancer increase after an abortion,is it better to wash your chicken before cooking,doctor looses license performing abortion in state where abortion is illegal,Catholic bishop forced to step down because of abortion views,illegal sale of fetuses recent
117,R_ukoNJaBR7QQdBXb,neutral,3.33573407202216,How long roast chicken,Can fetus live after 12 weeks?,States that outlawed abortion,Abortion breast cancer risk,Do I wash chicken?,doctor fired illegal abortion,Bishop leaving from abortion,Planned Parenthood illegal fetuses
118,R_1n8yjeEWppuC4zU,pro-life,2.7110495537088326,How long should I roast a chicken?,Can a fetus survive on its own outside the womb 12 weeks after conception?,How many states have outlawed abortion?,Does the risk of breast cancer increase after receiving an abortion?,What are the benefits of washing chicken before you cook it?,Doctor loses license and is fired for performing an abortion in an illegal state,Catholic bishop steps down because of his position on abortion,What is the Planned Parenthood illegal sale of fetuses?
119,R_2bTYOXmq386vAdv,pro-choice,3.858848876577408,How long should I roast a chicken? ,Can a fetus survive after 12 weeks outside of the womb? ,How many states have outlawed abortions?,Is breast cancer a risk after an abortion?,Should I wash my chicken?,Doctor looses license after illegal abortion,Bishop forced to step down,Selling of illegal fetuses from Planned Parenthood
120,R_2qaxPLeFLYyGHxe,neutral,3.579993844259771,How long should you roast chicken for?,Can a fetus survive outside the womb for 12 weeks after conception?,How many states have outlawed abortion in the U.S?,Does the risk of breast cancer increase after getting an abortion?,benefits of washing chicken before cooking,Doctor loses license for performing illegal abortion,Bishop steps down because of abortion beliefs,Planned Parenthood selling fetuses
121,R_33aqUYHX2PwjFaM,pro-life,2.656386580486303,how long should you roast a chicken,how long can fetus survive on its own outside of womb 12 weeks after conceptionafter,which states have outlawed abortion,"Does risk of breast ""c"" word increase after abortion",benefits of washing chicken before cooking it,Which doctors lost their licenses performing an abortion,Catholic Bishop step-down due to position on abortion,no
122,R_QaFBirtJKObyRGx,pro-life,2.6341028008618035,how long should you roast a chicken,earliest week a fetus is viable,states banned abortion,breast cancer abortion link,cdc washing chicken,doctor lost license abortion,bishop resigned abortion,planned parenthood selling fetuses
123,R_2OOu6xTAjJRvcez,pro-choice,4.73961218836565,how long to roast chicken,fetus survivability,How many states banned abortion,the risk of breast cancer increases after receiving an abortion,benefits of washing chicken before you cook it,Abortion doctor fired,catholic bishop,illegal sale of fetuses
124,R_RlD5Q9R2OsDhPfH,pro-choice,4.399322868574945,How long to roast a chicken,Can a fetus survive on it's own after 12 weeks outside the womb,How many states outlaws abortion,Does abortion increase the risk of breast cancer,Should you wash a chicken before cooking it,Doctor losing license over illegal abortion,Catholic bishop abortion stance,Planned Parenthood selling illegal fetuses
125,R_3R41WKNJ7Nu3yVP,pro-life,2.539181286549707,How long should you roast a chicken?,How long can a fetus survive outside the womb after conception?,How many states have outlawed abortion?,Does abortion affect the risk of breast cancer?,Benefits of washing chicken before you cook it,Doctor performs abortion in state where it is illegal,Catholic bishop steps down because of stance on abortion,Illegal sale of fetuses
126,R_2V2MKlBWirLgxfm,pro-choice,3.821421975992613,How long show I roast chicken?,Can a fetus survive on its own outside the womb 12 weeks after conception?,Number of states that have outlawed abortion,Does the risk of breast cancer increase after getting an abortion?,What are the benefits of washing chicken before cooking it?,Doctor loses license after getting fired for performing an abortion in a state where abortion were illegal,Catholic bishop forced to step down his position on abortion,Illegal sale of fetuses by Planned Parenthood Planned Parenthood?
127,R_2PAVVfI25JMhtQj,pro-choice,3.894059710680209,how long to roast chicken,fetal viability 12 weeks,where is abortion banned,abortion breast cancer,washing raw chicken,doctor fired illegal abortion,bishop resigned abortion,planned parenthood fetus sale
128,R_2BfFxjFbL6dwQm5,pro-choice,4.290981840566328,how long should you roast a chicken,when can a fetus survive outside the womb,how many states have outlawed abortions,are you more likely to have breast cancer after receiving an abortion,should you wash chicken before cooking it,doctor performing illegal abortion,catholic bishop fired for abortion position,planned parenthood selling fetuses
129,R_1f3klUcaSRtbhut,pro-choice,4.999999999999998,How long to roast chicken,Can a fetus survive outside the womb at 12 weeks,how many states outlawed abortion,Does abortion increase chance of breast cancer,should you wash chicken before cooking,doctor fired for abortion,Bishop steps down abortion,Is Planned Parenthood selling fetuses
130,R_1CdMzzweLfJPg0G,pro-choice,4.999999999999998,how long should I post chicken,12 week fetus,states abortion status,abortion increases breast cancer?,wash chicken before using,doctor abortion fired,catholic views on abortion,planned parenthood selling
131,R_1rDrmZ3cWIdaGE4,pro-life,2.44610649430594,how long should you roast a chicken,can a fetus survive on its own outside the womb 12 weeks after conception,number of states that have outlawed abortion,does the risk of breast cancer increase after receiving an abortion,benefits of washing chicken before you cook it,doctor got fired and lost his license after performing an abortion in a state where abortions are illegal,catholic bishop forced to step down because of his position on abortion,illegal sale of fetuses by planned parenthood
132,R_12kTFZYuVdzuPyC,pro-choice,4.755493998153276,How long do you roast a chicken?,Can a fetus survive outside of a womb at 12 weeks?,What states outlawed abortion?,breast cancer risk increase after abortions?,benefits of washing chicken,doctor loses license because of abortion,catholic bishop steps down,Planned Parenthood sale of fetuses
133,R_plstZtUiz6kNfPP,pro-choice,3.6783625730994154,How long would you roast a chicken ,Can a fetus survive on its own ,How many states have outlawed abortion,Does abortion increase risk of breast cancer,Why should I wash chicken before eating,Abortion laws in PA,Catholics stance on abortion,Is it legal for planned parenthood to sell a fetus
134,R_2TyIL0lOYCyDVZH,pro-choice,4.479224376731301,how long should i roast a chicken,can a fetus survive outside womb 12 weeks after conception?,states with outlawed abortion,risks of breast cancer after abortion,should i wash chicken before cooking,doctor performs illegal abortion,catholic bishop step down because of abortion position,sale of fetuses
135,R_2VrsAXVTNASrP9q,pro-life,2.822468451831332,how long do I roast a chicken?,can a fetus survive on its own outside the womb 12 weeks after conception?,how many numbers of states that have outlawed abortion?,does the risk of Breast cancer increase after receiving an abortion ,should I wash a chicken before cooking it?,doctor who lost license for preforming an abortion,Catholic bishop forced to step down,fetus sale by Planned Parenthood
136,R_1et3o4pp8mHCA7N,pro-choice,4.447953216374269,how long should you roast a chicken ,can fetus survive outside of body after 12 weeks ,how many states is abortion illegal ,after abortion does ur risk of abortion go up ,should you wash chicken before cooking,doctor loses license for illegal abortion,catholic bishop abortion,does planned parenthood sell fetuses
137,R_3qUKgsByqacafF2,neutral,3.211141889812249,How long should you roast a chicken,Can fetus survive outside the womb for 12 weeks,How many states have outlawed abortion,Does abortion increase the risk of breast cancer,Benefits of washing chicken before cooking it,Doctor who lost license after preforming an abortion,Catholic bishop who stepped down because of stance on abortion,Planned parenthood illegal sale of fetuses
138,R_2v8SsbHdv3tDo50,pro-choice,4.283964296706678,How long should I cook a chicken?,How old must a fetus be in order to survive outside of the womb?,In what states is abortion illegal?,Do abortions effect getting breast cancer?,Should you wash chicken before cooking?,What doctor lost their license due to an illegal abortion?,Catholic bishop with personal abortion beliefs,Illegal fetus sale by Planned Parenthood.
139,R_3QFQnGr10DbWNMO,pro-choice,4.695537088334871,how long should I roast a chicken,can a fetus survive outside the womb 12 weeks after conception,how many states have outlawed abortion,am i more likely to get breast cancer after getting an abortion,what are the benefits of washing a chicken before cooking it,what doctor lost their license for preforming an abortion in an illegal state,what is the catholic bishop's view on abortion,is plan parenthood selling illegal fetuses
140,R_30dhqBAxyU3HjHc,pro-choice,4.47873191751308,How long should you roast a chicken?,How long can a fetus survive outside of the womb?,Which states have outlawed abortion?,Does the risk of breast cancer increase after an abortion?,Why do you wash chicken before you cook?,Can doctors perform abortions in states where they are illegal?,Why did the Catholic Bishop have to step down?,How can you sell a fetus?
141,R_p6KFRxDfyckOqkh,pro-choice,3.74324407510003,how long should i roast a chicken,how long can a fetus survive out of the womb,states outlaw abortion,breast cancer and abortion,why wash chicken?,doctor fired for abortion,catholic bishop abortion,planned parenthood fetus sale
142,R_RqceEhkke7T6YzT,pro-life,1.4014773776546623,How long does it take to roast a chicken?,Can a fetus survive in 12 weeks of womb?,Why are some states outlawed abortion?,Does increase of breast cancer because of receiving an abortion?,What benefits you get for washing chicken before cooking?,How many years of prison time would doctor get performing an abortion in state that is illegal?,Why the Catholic bishop step down because of abortion?,Why are people illegal selling fetus by planned parenthood?
143,R_12JF1ZP8M1TFqfS,pro-life,2.6993536472760846,how long should you roast a chicken,when can a fetus survive outside the womb by itself,number of states where abortion is illegal,risk of breast cancer after abortion,Benefits of washing chicken before cooking,Doctor who performed illegal abortion,Catholic Bishop who stepped down due to stance on abortion,Planned Parenthood illegal fetus sales
144,R_27NkfjrlsgraB19,pro-life,3.1167128347183746,how long to roast a chicken,Can a fetus survive outside the womb 12 weeks after conception,number of state that outlawed abortion,Breast cancer risk with abortion,Benefits of washing chicken before cooking,Doctors loosing license for illegal abortion,Bishop forced to step down on abortion views,Planned Parenthood illegal fetus sales
145,R_2VlNiIJmDfEugre,pro-life,2.5399199753770385,how long do roast a chicken for,can a fetus survive on its own outside the womb 12 weeks after conception,number of states that outlawed abortion,does breast cancer increase after receiving an abortion,benifits of washing chicken before you eat it,doctor who got fired because he preformed abortion,information about a catholic bishop who steped down beacuse abortion.,illegal selling of fetuses by Planned Parenthood
146,R_3L5qGN3eX1wzLRl,pro-life,2.722868574946137,how long to roast chicken,can a fetus survive on its own outside womb after 12 weeks,states with abortion outlawed,breast cancer risk after abortion,should I wash chicken before cooking it,doctor fired for illegal abortion,catholic bishop abortion step down,planned parenthood fetus
147,R_3CVre5sGMnTBKCK,pro-life,2.6408741151123416,How long a chicken should be roasted,Can a fetus survive outside the womb?,How many states have outlawed abortion,Risk of breast cancer after abortion,Benefits of washing chicken,a doctor performs an abortion,A bishop's position on abortion,Selling of fetuses
148,R_WwUKB5TblvZUvkZ,neutral,3.3561711295783314,How long does it take to roast a chicken perfectly? ,How long can a fetus survive by itself after being outside the womb 12 weeks after conception? ,Number of states that have banned abortion.,Does the risk of breast cancer increase after receiving an abortion? ,Benefits of washing chicken?,Doctor's getting fired for performing abortion illegally?,Catholic bishop stepping down because of stance on abortion?,Illegal sale of fetuses by Planned Parenthood?
149,R_yBGPFKQALVxWUw1,neutral,3.4299168975069247,how long should you roast a chicken for ,can a fetus survive outside the womb for 12 weeks,how many states outlawed abortion,can you get breast cancer after getting an abortion,should you wash chicken before cooking it,doctor fired for preforming abortion,bishop fired because of abortion,illegal sales of fetuses
150,R_1FEUZgImbeitS0U,pro-choice,3.8120652508464135,How long should I roast a chicken?,Whether a fetus can survive on its own outside the womb 12 weeks after conception,Numbers of states have outlawed abortion,Breast cancer risk increase after receiving an sbortion,Washing chicken before cook,Performing abortion lost license,Catholic bishop forced to step down,Illegal sale of fetuses by Planned Parenthood
151,R_3KvEcesBwkX043F,neutral,3.3924899969221296,How long should you roast a chicken?,Can a fetus survive outside the fetus for 12 weeks after conception.,Number of states where abortions are outlawed,Does the risk of breast cancer increase after an abortion?,Washing Chicken Benefits,Doctor fired for illegal abortion,Catholic Bishop Abortion Step Down,Planned Parenthood Illegal sale of fetuses
152,R_1jPPZgGFDft2gaW,neutral,3.485318559556786,How long at what temp should I roast chicken? ,Can a 12 week old fetus survive outside of the womb?,How many states have abortion outlawed?,Do the chances of cancer increase after an abortion?,Are there benefits to washing chicken?,Doctor preforming an illegal abortion?,Forced step down of a bishop?,Planned parenthood Illegally selling fetuses
153,R_6tHF4wKFeK7CEyB,neutral,3.215820252385349,how long to roast chicken,can fetus survive outside the womb,state outlaw abortion,breast cancer abortion,benefit of washing chicken before cook,doctor lost license got fire because abortion,catholic bishop force to step down because abortion,planned parenthood sale of fetuses
154,R_1EaFS2SE7HA1mCs,pro-life,2.4385964912280693,how long should you roast a chicken,can a fetus survive after 12 weeks outside the womb,states that outlawed abortion,does the risk of breast cancer increase after getting an abortion,benefits of washing chicken before cooking,doctor who got fired for giving abortion,recent bishop's views on abortion,Planned Parenthood recent sale news
155,R_1prGNXCZKy028VK,pro-life,2.821114188981225,how long should you roast a chicken?,can a fetus survive on its own outside the womb 12 weeks after conception?,what states have outlawed abortion?,does getting an abortion increase the risk of breast cancer,are there benefits of washing chickens before you cook them?,doctor who lost license because of giving abortion in state where illegal,catholic bishop controversial position on abortion,illegal fetuses for sale
156,R_1OjyI1JcOvlZvrW,pro-choice,4.535364727608495,How long to roast a chicken,Can a fetus survive 12 weeks after conception,"States that have banned abortion Eight states—Alabama, Arizona, Arkansas, Michigan, Mississippi, Oklahoma, West Virginia and Wisconsin—still have pre-Roe abortion bans in their laws, which may be enforced too.  Abortion law in the United States by state - Wikipediahttps://en.wikipedia.org › wiki › Abortion_law_in_the_U... Search for: States that have banned abortion About featured snippets • Feedback  Abortion is now banned in these states. See where laws have ...https://www.washingtonpost.com › politics › 2022/06/24 Jun 24, 2022 — Thirteen states with “trigger bans,” designed to take effect if Roe were struck down, will prohibit abortion within 30 days of the ruling. At ... ‎Trigger laws · ‎Daniela Santamariña · ‎A decision to overturn Roe v... · ‎N. Kirkpatrick  26 States Are Certain or Likely to Ban Abortion Without Roehttps://www.guttmacher.org › article › 2021/10 › 26-sta... Oct 28, 2021 — States Certain to Ban Abortion ; Alabama—Pre-Roe ban, Near-total ban, State constitution bars protection ; Arizona—Pre-Roe ban ; Arkansas—Pre-Roe ...",Can abortions cause breast cancer,,,Bishop Steps Down,
157,R_3ozsE9wG2fgE0Sm,pro-choice,3.9809787626962136,Roasting chicken time,Can a fetus survive outside the womb after 12 weeks,States that have outlawed abortion,Breast Cancer and abortions,benefits of washing chicken,doctors fired for abortions,catholic bishop and abortions,illegal sale of fetuses
158,R_2OMTPplE6qjvCP7,pro-choice,4.3568482610033845,how long to roast a chicken,fetus survive on its own 12 weeks after conception,states that outlawed abortion,risk of breast cancer after abortion,benefits of washing chicken before eating,doctor got fired for performing illegal abortion,Catholic bishop step down abortion,planned parenthood fetus sale
159,R_25AYv5e23CDF5TS,pro-choice,3.9063711911357335,how long can you roast a chicken,fetus survival outside the womb 12 weeks after conception,number of states that have outlawed abortion,breast cancer risk after abortion,benefits of washing chicken before you cook it,doctor loses license for abortion,Catholic bishop steps down abortion,illegal fetus sale
160,R_2a8lJMxllzVrarY,pro-choice,4.0862419205909495,how long should i roast a chicken,how many weeks pregnant for a baby to survive,how many states is abortion illegal in,does abortion increase the risk of breast cancer,is there anyone don't wash meat before cooking,which states is abortion illegal,does catholic church support abortion,planned parenthood
161,R_3koFKkwe2d0nSJj,pro-choice,4.321391197291473,how long to roast chicken,how long can fetus survive outside womb,states that outlawed abortion,does abortion cause breast cancer,benefits of washing chicken before eating,doctor fired over abortion,Catholic Bishop Stepping Down,illegal fetus planned parenthood
162,R_1MQxNwXAnsLOvfH,pro-choice,4.774823022468451,How long should you roast a chicken?,Can a fetus survive on its own after 12 weeks,How many states have abortion bans?,Does the risk of breast cancer increase after abortion?,Should you wash chicken before cooking?,Doctor fired for performing abortion,Catholic bishop step down abortion,Planned Parenthood fetus sale
163,R_3MfmVsmbSRCNrT3,pro-choice,3.846783625730993,how long to roast a chicken?,Can a fetus survive outside the womb?,how many states have banned abortion ,does breast cancer risk increaese after  abortion,why do you need to wash chicken,Doctor fired for performing abortion,Catholic bishop forced to resign position,Planned Parenthood illegal selling
164,R_1H2bLPCZNcm1JIL,pro-life,3.0,how long to roast a chicken,how long can fetus survive outside womb,how many state outlawed abortion,does abortion increase chance of getting breast cancer,benefits of washing chicken,doctor fired for performing abortion,bishop stepped down because of position on abortion,selling fetuses of planned parenthood
165,R_3suZ0mHhNHbAEzN,pro-choice,4.527362265312402,Best time to roast a chicken for,Stages of a fetus and its growth,Why are so many states banning abortions?,Do abortions reduce the chance of getting breast cancer?,How to wash chicken when preparing it,Doctor fired over performing an abortion,Bishop steps down due to view on abortion,Planned parenthood lawsuits
166,R_1OJgyoQ9KV6Wi2N,pro-choice,4.166635887965527,how long should i roast a chicken,can a fetus survive on its own,where is abortion outlawed,does abortion increase breastcancer chance,should you wash chicken,doctor loses licence,Bishop steps down,illegal sale of fetuses by planned parenthood
167,R_211lEvMnqcjvGLv,pro-choice,4.44376731301939,how long should I roast a chicken ,can a fetus survive on its own 12 weeks after conception ,how many states have outlawed abortion ,does the risk of breast cancer increase after an abortion ,why should I wash my chicken,did docter so in so lose his license,was a bishop forced to step down due to stance on abortion,planned parenthood selling fetuses
168,R_2rYIrpWECP7n14l,pro-life,3.0,How long should I roast a chicken for,How long can a fetus survive on its own outside the womb,Number of states that outlawed abortion,Does the risk of breast cancer increase after an abotion,What are the benefits for asking chicken before cooking it,What doctor got his license taken away after illegal performing an abortion,Catholic bishop who had to step down because of his position on abortion,News about an illegal sale of fetuses by planned parenthood?
169,R_3q8QbHPmnvfCcRq,pro-life,3.091597414589104,How long does it take to roast a chicken,whether a fetus can survive on its own outside the womb 12 weeks after conception,how many states that have outlawed abortion,whether the risk of breast cancer increases after receiving an abortion,the benefits of washing chicken before cooking it,a doctor who lost their license and got fired for performing an abortion in a state where abortions were illegal,a Catholic bishop who was forced to step down because of his position on abortion,an illegal sale of fetuses by Planned Parenthood
170,R_UiGMXrg8rIrrwkh,pro-life,3.0,How long should i roast a chicken,How long can a fetus last outside the womb,How many states outlawed abortion,can abortion cause breast cancer,Should i wash my chicken before cooking,Doctor fired because abortion,Bishop stepping down because of abortion,Planned parenthood selling fetuses
171,R_1OIvZTkOgGWujLl,pro-life,3.0,How long you should roast a chicken?,Can a fetus survive on outside of womb after 12 week of conception?,How many states are outlawed abortion?,Does abortion increase the risk of breast cancer?,What are benefits of washing chicken?,Why is the punishment so severe?,Who is that Catholic bishop?,Is it legal to sell baby?
172,R_3mmHl1AZo3og4xd,pro-life,3.0,how long should I use to roast a chicken,can a fetus survive on its own outside the womb 12 weeks after conception?,how many states have outlawed abortion,will the risk of breast cancer increase after receiving an abortion?,is washing chicken before cooking it beneficial?,the doctor lost his license and got fired for performing abortion,the Catholic bishop forced to step down because of his position and abortion,Planned Parenthood illegal sale
173,R_3KHhEObj0OYs40I,pro-choice,4.356602031394274,How long does it take to roast a chicken,Can a fetus survive on its own 12 weeks after conception,How many states have outlawed abortion,Does the risk of breast cancer increase after an abortion,Why do I need to wash chicken before cooking it,Doctors license revoked and fired for preforming illegal abortion,Catholic bishop forced to step down because of abortion stance,Illegal sales of fetuses by planned parenthood
174,R_Y9wtZMzHf5Fv0KB,pro-choice,4.999999999999998,Time roast a chicken ,A fetus survive outside the womb,States abortion ,Cancer increase after abortion ,Benefits of washing chicken,Doctor lose license abortion,Catholic step down abortion,Illegal sale of fetuses by Planned Parenthood
175,R_1mzrmUP28x1vkXc,pro-choice,3.739919975377039,How to roast chicken,fetus survival outside womb,abortion by state,does abortion cause breast cancer,Should I wash chicken,doctor fired over abortion,Bishop abortion,fetus sale
176,R_3m37LGohFihNtIE,neutral,3.4195752539242834,How long should you bake a chicken,can a fetus survive on its own outside the womb 12 weeks after conception,how many states have outlawed abortion,Will the risk of breast cancer increases after receiving an abortion,why should you wash chicken before cooking,In what state abortions were illegal,who was the Catholic bishop forced to step down because of his position on abortion,What is illegal sale of fetuses by Planned Parenthood
177,R_3oC2H3zgUW5tQ3T,pro-choice,4.370267774699907,how long to cook chicken ,when can a fetus survive outside of womb ,abortion laws by state ,risks of abortion ,washing chicken benefits,the name of the doctor,catholic forced to step down,planned parenthood fetus sale
178,R_3HhKPFweqs68RzM,pro-choice,4.779378270236995,how long should I roast a chicken,can a fetus can survive on its own outside the womb 12 weeks after conception,How many states have outlawed abortion,Does the risk of breast cancer increase after receiving an abortion,Is there a benifit to washing chicken before cooking it,doctor who lost their license and got fired for performing an abortion in a state where abortions were illegal,Catholic bishop stepping down due to abortion position,illegal sale of fetuses by Planned Parenthood
179,R_3sibuleVht9Cqy7,pro-choice,4.012742382271468,How long to roast a chicken,Can fetus survive on its own outside the womb 12 weeks after conception?,States outlawed abortion,Will the risk of breast cancer increases after receiving an abortion?,Benefits of washing chicken before cook it.,A doctor perform abortion in a state where abortions were illegal,Catholic bishop forced to step down,Illegal sale of fetuses by Planned Parenthood
180,R_3lyjWh62WxJZ5Pq,pro-choice,4.389719913819636,When is a chicken fully cooked?,Pro choice donations ,what states have outlawed abostion?,could you get Breast cancer after an abortion? ,How long does chicken need to defrost?,Who was the doctor who preformed an abortion illegally?,what does the catholic church say about abortion?,How to help support planned arenthood
181,R_2azyX8MPjm0zPZo,pro-choice,4.335426285010772,how long to roast chicken,fetus survival outside womb after conception,states that banned abortion,risk of breast cancer after abotion,benefits of washing chicken,medical license revoked abortion,catholic bishop abortion,planned parenthood fetus trafficking
182,R_3D7TpRWm9XP5tUT,pro-choice,4.7211449676823625,time to get a roast chicken,can fetus survive on its own outside the womb 12 weeks after conception?,number of state have outlawed abortion,will risk of breast cancer increase after receiving abortion?,should chicken be wash before cook?,should doctor lost license because they support abortion,why does Catholic bishop who was forced to step down because of his position on abortion?,what happen when they said the event of illegal sale of fetuses by Planned Parenthood
183,R_3rRhfjY6SbhFUvT,neutral,3.5991997537703906,How long roast chicken,Fetus survive on its own outside the womb 12 weeks after conception,Number of states that have outlawes abortion,The risk of breast cancer increases after receiving an abortion,Benefits of washing chicken before cook,Doctor Lose license  about abortion,Bishop abortion,Illegal of fetuses
184,R_3dMao0ePErU6zwo,pro-choice,3.983441058787319,Best times to roast a chicken,birth rates of fetuses outside the womb,how many US states have banned abortion in 2022,Does receiving an abortion cause an increased risk of breast cancer?,benefits of washing chicken before you cook it,can doctors lose their job and license for performing an abortion?,Can you lose power in your job for you views on abortion?,Planned parenthoods illegal sale of fetuses
185,R_1g0XxLbyw7kLTzu,pro-life,2.787873191751307,how long should I roast a chicken for,can how after conception can a fetus survive outside the womb,how many states have outlawed abortion,am i more likely to get breast cancer after an abortion,should i wash a chicken before i cook it,doctor who got fired for preforming an abortion,catholic bishop steps down because of abortion beliefs,does planned parenthood sell illegal fetuses
186,R_27iZrqri912MXHK,pro-choice,4.454970760233917,how long should a roast a chicken,Can A fetus survive on its own outside of the womb 12 weeks after conception,how many states have banned abortion,does breast cancer risk increase after abortion,should i wash chicken before cooking,doctor fired for illegal abortion,catholic bishop forced to step down abortion,Illegal sale fetus planned parenthood
187,R_bK7iOlD5yYODV0R,neutral,3.1969836872883954,how long should you roast a chicken ,how long can a fetus last outside the womb,how many states have outlawed abortion,does breast cancer chances increase after an abortion,should you wash chicken before cooking it,doctor loses license over performing illegal abortion,Catholic Bishop forced to step down abortion,does planned parenthood sell illegal fetuses
188,R_TwjmbYKpCJEwoKt,pro-choice,4.079839950754077,time to roast a chicken,How long can a fetus survive outside the womb,Abortion banned states,breast cancer increase after abortion,does washing chicken help,doctor lost license due to abortion,Catholic bishop abortion,planned parenthood fetus selling
189,R_XC9BdUKGyfo3Vzr,pro-choice,4.039827639273621,How to roast a chicken,How long can a fetus survive outside of the womb?,How many states permit abortion?,Can abortions lead to breast cancer?,Why should I clean my food before cooking it?,Doctor fired for performing illegal abortion,Bishop fired for beliefs about abortion,Planned Parenthood scandal
190,R_5bvtE5Vtf4oAKvD,pro-life,2.7625115420129265,roasting a chicken,baby post conception,number of outlawed states with abortion,breast cancer threat with an abortion,benefits of washing chicken,illegal abortion gets doctor fired,priest stepping down on abortion,planned parenthood illegal babies
191,R_3qmwmmL9TR8n4sk,neutral,3.382517697753154,how long does it take to roast a chicken,how long can fetus survive outside the womb?,how many states have abortion outlawed?,breast cancer from abortion,should I wash chicken before cooking it?,doctor fired for performing abortion.,catholic bishop abortion,Planned Parenthood illegal fetus.
192,R_2Byx1bJJaGN6jpw,pro-choice,4.999999999999998,how long should you roast a chicken?,can a fetus survive on its own outside the womb 12 weeks after conception?,what is the number of states where abortion is outlawed 2022,does risk of breast cancer increase after receiving an abortion?,what are the benefits of washing chicken before cooking?,doctor looses license and gets fired for preforming illegal abortion 2022,Catholic bishop forced to step down due to position on abortion 2022,illegal sale of fetuses by Planned Parenthood 2022
193,R_XhdaYVVTSI15hAt,pro-life,2.412988611880578,how long to cook a chicken for ,can fetus survive outside the womb 12 weeks after conception ,how many states banned abortion ,does breast cancer affect abortion ,should you wash a chicken before cooking,doctor license lost due to illegal abortion,catholic bishop steps down due to abortion news,planned parenthood illegal sale of fetuses
194,R_2WMgszKV6jXiC28,pro-choice,4.414835333948906,What’s the best temperature to roast a chicken? ,What is the rules on if a fetus is conception after 12 weeks?,Which states allow abortions? ,Disadvantages of getting an abortion on breast cancer? ,What’s the benefits of washing your chicken before cooking it?,What are the disadvantages of closing more abortion centers,Are you not allowed to express your beliefs,Where are trusted planned parenthood locations?
195,R_3KPeQeAJ849f4zd,pro-life,2.182763927362265,what is the average amount of time that you should roast a chicken,can a fetus survive on its own outside the womb twelve weeks after conception,how many states have outlawed abortion,does receiving an abortion increase the risk of getting breast cancer,what are the benefits of washing chicken before cooking it,did a doctor lose their license for performing an aborition in a state where it is illegal,was a catholic bishop forced to step down because of his opinions on abortion,was there an illegal sale of fetuses by planned parenthood
196,R_6SsX8KX86T3Mmwp,pro-life,3.076454293628809,how long to roast a chicken,How long can a fetus survive outside of a womb after conception,States who outlawed abortion ,abortion cause cancer?,benefits of washing chicken,Doctor performs illegal abortion,Bishop forced to step down,Illegal sale of fetuses by planned parenthood
197,R_3g2hupOXCsIuaLv,pro-life,1.4018467220683286,how long should you roast a chicken,Can a fetus survive on its own 12 weeks after conception?,current date - number of states that have outlawed abortion,Does the risk of breast cancer increase after receiving an abortion,benefits of washing chicken before you cook it,current date- doctor lost license and got fired for performing abortion in state where abortion is illegal,current date - Catholic Bishop steps down from position,current date - planned parent hood and illegal fetus sales
198,R_0P4Rms0sagpkbVn,pro-life,3.0140350877192974,how long should I roast a chicken,can a fetus survive on its own 12 months after conception,states with abortion bans,does an abortion increase the chance of breast cancer ,should I wash chicken before I cook it,Abortion doctor loses license,catholic bishop steps down abortion,illegal fetus sales
199,R_0GO3tuULD6nDzpL,pro-choice,3.685257002154508,how long should you roast a chicken ,can a fetus survive on its own outside the womb after  12 weeks,number of states outlawing abortion,risk of breast cancer increases after abortion,benefits of washing a chicken,doctor who lost license due to abortion,cathloic bishop forced to step down,illegal sale of fetuses by planned parenthood
200,R_3EEgj2lJOJ9Z8QF,neutral,3.363311788242536,How long should i roast a chicken ,How long can fetus's survive on its own outside the womb.,States that have outlawed abortion ,Does risk of breast cancer increase after an abortion ,Benefits of washing chicken before cooking it,Doctor that got fired for illegal abortion,Catholic Bishop who stepped down because of his views,Illegal Sale of Fetuses by Planned Parenthood
201,R_vTFuqGQb7rCQlTX,neutral,3.176546629732225,how long to roast chicken,Can a fetus survive on its own after 12 weeks outside the womb,how many states outlawed abortion,Does abortion increase the risk of breast cancer,why should I wash chicken before cooking it,doctor who lost their license and fired for doing an illegal abortion,Catholic bishop who stepped down due to abortion position,Illegal sale of fetuses by planned parenthood
202,R_DP4sPqVouzAwk3n,neutral,3.3209602954755306,Perfect roast time for a chicken,Can a fetus survive on its own outside the womb after 12 weeks?,How many states have outlawed abortion?,Does risk of breast cancer increase after receiving an abortion?,pros and cons of washing chicken before cooking it,Doctor preforms illegal abortion,Catholic bishop forced to step down due to position on abortion,Illegal sale of fetuses by Planned Parenthood
203,R_vMERUPLVfkn5nFL,pro-life,2.5306863650353955,how long should I roast a chicken?,can a fetus survive outside the womb for 12 weeks?,how many states have outlawed abortion?,is there a risk of breast cancer after having an abortion,should I was a chicken before cooking it?,what doctor lost their license and got fired for performing abortion?,why were the catholic bishop forces to step down?,does planned parenthood sell fetuses?
204,R_24qIp41hHPoJoZ5,pro-choice,4.156294244382885,how long to roast a chicken,how long can a fetus survive outside the womb,which states ban abortion,does abortion increase breast cancer,should you wash chicken before cooking,doctor fired for abortion in a legal state,is abortion allowed in catholicism,planned parenthood illegal sale of fetuses
205,R_Ai0S0ZkziktNwOt,pro-choice,4.999999999999998,time it takes to cook a chicken,can a fetus survive 12 weeks after conception,states that outlawed abortion,breast cancer risk after abortion,benefits of washing chicken before you cook,doctor that preformed abortion and got fired,catholic bishop abortion stance,planned parenthood illegal sale of fetuses
206,R_1QrVKVE8i3GruxE,pro-choice,3.714435210834102,How long should I roast a chicken,Can a fetus survive outside the womb after 12 weeks,Which states outlawed abortion,Does abortion cause breast cancer,should I wash my chicken,doctor fired over illegal abortion,Catholic Bishop step down abortion,planned parenthood selling fetuses
207,R_1o4EEc8wnJqzHCD,pro-life,2.757710064635272,How long should you roast a chicken,can a fetus survive outside the womb 12 week after conception,how many states have outlawed abortion,risks of breast cancer after abortion,benefits of washing chicken before you cook it,Doctor loses license because of abortion,Catholic bishop steps down because of abortion,illegal sale of fetuses by planned parenthood
208,R_2tAtEZC70bkT1d6,pro-life,2.9130809479839948, how long you should roast a chicken.,womb 12 weeks,number of states that have outlawed abortion,risk of breast cancer increases after receiving an abortion.,benefits of washing chicken before you cook it,abortions and illegal,Catholic bishop,illegal sale of fetuses
209,R_2EnKB9o5cEqvD3V,pro-life,2.7980917205293934,How long does it take to roast a chicken,What is the earliest a baby can survive after conception,How many states have outlawed abortion,Does having an abortion increase the risk of breast cancer,What happens when you don't wash your chicken before cooking it,What are the repercussions of performing an abortion if it is illegal in the state you get it done,What was the Catholic bishop position on abortion,Why are people selling fetuses
210,R_3nUf4kIUN2B3bJY,pro-choice,4.189904586026469,Roast time for chicken,can a fetus survive on its own 12 weeks after conception?,States that have outlawed abortion,Does abortions increase your risk for breast cancer?,should I wash chicken before I cook it?,doctor losing license over abortion,Catholic Bishop abortion position,planned parenthood selling fetuses
211,R_3CPXBZDOoYsrWFm,pro-life,3.0,roast a chicken ,fetus ,law of abortion,breast cancer,washing chicken,abortion,Catholic bishop,illegal sale on social media
212,R_3G0QDxdqyR4wcpU,neutral,3.5765466297322246,roast chicken., fetus survive conception,outlawed abortion states ,breast cancer abortion,washing chicken,abortion license,Catholic bishop  abortion,fetuses by Planned Parenthood
213,R_1ghEh2LX242U2FQ,pro-life,3.0,What is a good time to roast a chicken for? ,Can a fetus survive on its own outside the womb 12 weeks after conception.,What states have outlawed abortion in the United States?,Does abortion increase the chance of having breast cancer?,Why washing chicken is beneficial?,What happened after doctor lost her license?,Why did Catholic Bishop step down?,What happened with the illegal sale of fetuses by Planned Parenthood?
214,R_2uhQiIxrZcH3auZ,pro-choice,4.495106186518928,how long to roast a chicken,how long does the  fetus survive outside the womb,number of states  have outlawed abortion,does risk of breast cancer increases after receiving an abortion,benefits of washing chicken before cook,does doctor get fire for performing an abortion when abortions were illegal,Catholic bishop abortion,illegal sale of fetuses by Planned Parenthood
215,R_3340GcOArWbrQM8,pro-choice,4.499538319482917,How long to roast chicken,Can a fetus survive outside of the womb after 12 weeks?,How many states have banned abortions,Do abortions increase the risk for breast cancer?,What does washing chicken before cooking it do?,Doctor who lost license for abortion,Bishop for abortions,Is Planned Parenthood selling fetuses?
216,R_3LZPEY96nQrMf1o,pro-choice,4.239519852262234,how long roast chicken,how old fetus survive outside womb,how many states abortion illegal,breast cancer risk higher after abortion,wash chicken,doctor fired illegal abortion,catholic bishop resign abortion,planned parenthood fetus sell
217,R_3stQQmOQwIW7tSm,pro-life,2.0227146814404438,How long do you roast a chicken,Can a fetus survive outside the womb ,Number of states that have outlawed abortion,does the risk of breast cancer increase after an abortion,Benefits of washing a chicken before cooking,Doctor loses license for abortions in illegal states,Catholic Bishop forced to step down because of abortion,illegal sales of fetuses
218,R_2tmseQNrQFyVTmO,pro-life,2.664142813173284,Roasting chicken time,Can a fetus survive after conception,States outlawing abortion,Breast Cancer after abortion,Benefits of washing chicken,Fired abortion,Catholic Bishop Abortion,Illegal fetuses
219,R_29iflwTGW8PKmKR,neutral,3.4251154201292704,How long should i roast a chicken,can a fetus survive outside the womb 12 weeks after conception,how many states have outlawed abortion,does risk of breast cancer increase after an abortion,should i wash chicken before I cook it,Doctor losing license over abortion,Catholic Bishop stepping down due to position on abortion,illegal sale of fetuses planned parenthood
220,R_3syUnh1xPi4A5Wk,neutral,3.351985226223453,How long should I roast a chicken,When can a fetus live outside of the womb,how many states don't allow abortion,does abortion increase risk of breast cancer,Is washing chicken before cooking a good idea,who is the doctor who lost their license for doing an  abortion,Catholic bishop forced to step down,does planned parenthood sell fetuses
221,R_2WxtqWMd5eqAKJC,pro-choice,4.880701754385964,Chicken roast time.,Can a fetus survive 12 weeks after conception?,What states have outlawed abortion?,Cancer abortion link.,Washing chicken pros and cons.,Illegal abortion license lost.,Catholic preist abortion stance.,Illegal Fetus sales.
222,R_3Pzrifu6rpFDPM9,neutral,3.288827331486611,The most suitable time to roast chicken,The possibility for fetus survives on its own outside the womb 12 weeks after conception,What states make abortion illegal?,The possibility of breast cancer after abortion,What are the benefits of washing chicken before cooking,In which states abortion is not legal,Why the Catholic Church does not allow abortion,What other problems may result from family planning
223,R_2AHeqI5xiin8y05,pro-choice,3.678362573099415,how long should i roast a chicken,can 12 week old fetus survive outside of womb,how many states outlaw abortion,does having an abortion increase risk of breast cancer,should i wash my chicken before i cook it,doctor loses license for performing abortion,catholic bishop steps down due to abortion opinion,illegal sale of fetuses planned parenthood
224,R_2WGZR5xQC8T2IFo,pro-choice,4.69012003693444,ROAST CHICKEN RECIPE,FETUS SURVIVAL AFTER 12 WEEKS,STATES OUTLAWED ABORTION,DOES BREAST CANCER INCREASE AFTER ABORTION,IS WASHING CHICKEN BENIFICIAL?,DOCTOR FIRED FOR ABORTION,CATHOLIC BISHOP FIRED ABORTION,PLANNED PARENTHOOD SELLING FETUSES
225,R_2Vg9JDUI3stSD2u,neutral,3.669621421975992,How long does it to roast a chicken?, whether a fetus can survive on its own outside the womb 12 weeks after conception.,How many states have banned abortion?,can abortion cause breast cancer in women?,what are the benefits of cleaning the chikcken before making a chicken dinner?,in which states do doctors get laid off for illegal helping patients get abortions?,which Catholic leader was forced to step down because of his position on abortion?,is anyone selling fetuses illegally through Pkanned Parenthood?
226,R_umRdgatrZnYrFJL,pro-life,3.0,how long do you roast chicken for,can a fetus survive outside the womb on its own,states that outlawed abortions,Do abortions cause higher rates of breast cancer,should I wash chicken before cooking it,doctor who was fired for giving illegal abortion,Catholic bishop who stepped down because of abortion stance,illegal sale of fetuses by planned parenthood
227,R_1KqAN53CReqDpSC,pro-choice,4.608125577100645,How long does it take to roast a chicken,How long can a fetus survive outside the womb,How many states have outlawed abortion,Do abortions increase risk of breast cancer,What are the benefits of washing a chicken,Doctor fired for performing an illegal abortion,Bishop forced to step down because of position on abortion,Planned Parenthood selling feruses
